<?xml version="1.0" encoding="UTF-8" standalone="no"?>
<Match algo="intelligent">
    <Config height="10" width="10">
        <ShipInfos>
            <ShipInfo ident="5" name="porte-avion" numCase="5" symbol="5"/>
            <ShipInfo ident="4" name="croiseur" numCase="4" symbol="4"/>
            <ShipInfo ident="3" name="contre-torpilleur" numCase="3" symbol="3"/>
            <ShipInfo ident="33" name="sous-marin" numCase="3" symbol="S"/>
            <ShipInfo ident="2" name="torpilleur" numCase="2" symbol="2"/>
        </ShipInfos>
    </Config>
    <MatchSide>
        <Board>
            <PersonalGrid>
                <PersonalShips>
                    <PersonalShip cellName="D5" ident="5" orientation="down"/>
                    <PersonalShip cellName="F6" ident="4" orientation="right"/>
                    <PersonalShip cellName="G9" ident="3" orientation="down"/>
                    <PersonalShip cellName="H7" ident="33" orientation="down"/>
                    <PersonalShip cellName="B4" ident="2" orientation="down"/>
                </PersonalShips>
                <PersonalTorpedos/>
            </PersonalGrid>
            <OpponentGrid>
                <OpponentTorpedos/>
            </OpponentGrid>
        </Board>
    </MatchSide>
    <MatchSide>
        <Board>
            <PersonalGrid>
                <PersonalShips>
                    <PersonalShip cellName="B10" ident="5" orientation="down"/>
                    <PersonalShip cellName="B6" ident="4" orientation="right"/>
                    <PersonalShip cellName="E4" ident="3" orientation="right"/>
                    <PersonalShip cellName="I6" ident="33" orientation="right"/>
                    <PersonalShip cellName="F7" ident="2" orientation="right"/>
                </PersonalShips>
                <PersonalTorpedos/>
            </PersonalGrid>
            <OpponentGrid>
                <OpponentTorpedos/>
            </OpponentGrid>
        </Board>
    </MatchSide>
</Match>
