<?xml version="1.0" encoding="UTF-8" standalone="no"?>
<Match algo="intelligent">
    <Config height="10" width="10">
        <ShipInfos>
            <ShipInfo ident="5" name="porte-avion" numCase="5" symbol="5"/>
            <ShipInfo ident="4" name="croiseur" numCase="4" symbol="4"/>
            <ShipInfo ident="3" name="contre-torpilleur" numCase="3" symbol="3"/>
            <ShipInfo ident="33" name="sous-marin" numCase="3" symbol="S"/>
            <ShipInfo ident="2" name="torpilleur" numCase="2" symbol="2"/>
        </ShipInfos>
    </Config>
    <MatchSide>
        <Board>
            <PersonalGrid>
                <PersonalShips>
                    <PersonalShip cellName="A6" ident="5" orientation="down"/>
                    <PersonalShip cellName="G5" ident="4" orientation="right"/>
                    <PersonalShip cellName="B2" ident="3" orientation="right"/>
                    <PersonalShip cellName="F1" ident="33" orientation="down"/>
                    <PersonalShip cellName="H9" ident="2" orientation="down"/>
                </PersonalShips>
                <PersonalTorpedos>
                    <PersonalTorpedo cellName="H5"/>
                    <PersonalTorpedo cellName="I2"/>
                    <PersonalTorpedo cellName="C5"/>
                    <PersonalTorpedo cellName="D8"/>
                    <PersonalTorpedo cellName="B2"/>
                    <PersonalTorpedo cellName="A2"/>
                </PersonalTorpedos>
            </PersonalGrid>
            <OpponentGrid>
                <OpponentTorpedos>
                    <OpponentTorpedo cellName="E5" shipIdent="" typeName="touched"/>
                    <OpponentTorpedo cellName="F4" shipIdent="" typeName="water"/>
                    <OpponentTorpedo cellName="G3" shipIdent="" typeName="water"/>
                    <OpponentTorpedo cellName="H2" shipIdent="" typeName="water"/>
                    <OpponentTorpedo cellName="I1" shipIdent="" typeName="touched"/>
                    <OpponentTorpedo cellName="J2" shipIdent="" typeName="water"/>
                </OpponentTorpedos>
            </OpponentGrid>
        </Board>
    </MatchSide>
    <MatchSide>
        <Board>
            <PersonalGrid>
                <PersonalShips>
                    <PersonalShip cellName="F1" ident="5" orientation="down"/>
                    <PersonalShip cellName="E3" ident="4" orientation="right"/>
                    <PersonalShip cellName="B9" ident="3" orientation="down"/>
                    <PersonalShip cellName="H5" ident="33" orientation="right"/>
                    <PersonalShip cellName="F6" ident="2" orientation="down"/>
                </PersonalShips>
                <PersonalTorpedos>
                    <PersonalTorpedo cellName="E5"/>
                    <PersonalTorpedo cellName="F4"/>
                    <PersonalTorpedo cellName="G3"/>
                    <PersonalTorpedo cellName="H2"/>
                    <PersonalTorpedo cellName="I1"/>
                    <PersonalTorpedo cellName="J2"/>
                </PersonalTorpedos>
            </PersonalGrid>
            <OpponentGrid>
                <OpponentTorpedos>
                    <OpponentTorpedo cellName="H5" shipIdent="" typeName="water"/>
                    <OpponentTorpedo cellName="I2" shipIdent="" typeName="water"/>
                    <OpponentTorpedo cellName="C5" shipIdent="" typeName="water"/>
                    <OpponentTorpedo cellName="D8" shipIdent="" typeName="water"/>
                    <OpponentTorpedo cellName="B2" shipIdent="" typeName="touched"/>
                    <OpponentTorpedo cellName="A2" shipIdent="" typeName="water"/>
                </OpponentTorpedos>
            </OpponentGrid>
        </Board>
    </MatchSide>
</Match>
